<beans xmlns="http://www.springframework.org/schema/beans"
     xmlns:xsi="http://www.w3.org/2001/XMLSchema-instance"
     xsi:schemaLocation="http://www.springframework.org/schema/beans
http://www.springframework.org/schema/beans/spring-beans-4.0.xsd">


  <bean id="emp1" class="com.cg.Spring.labprog3.Employee">
   <constructor-arg value="101" type="int"></constructor-arg>
   <constructor-arg value ="rama" type ="java.lang.String"></constructor-arg>
   <constructor-arg value ="40000" type="double"></constructor-arg>
   </bean>
   <bean id="emp2" class="com.cg.Spring.labprog3.Employee">
   <constructor-arg value="102" type="int"></constructor-arg>
   <constructor-arg value ="hama" type ="java.lang.String"></constructor-arg>
   <constructor-arg value ="20000" type="double"></constructor-arg>
   </bean>
   <bean id="emp3" class="com.cg.Spring.labprog3.Employee">
   <constructor-arg value="103" type="int"></constructor-arg>
   <constructor-arg value ="gama" type ="java.lang.String"></constructor-arg>
   <constructor-arg value ="10000" type="double"></constructor-arg>
   </bean>


   <bean id="sbu" class="com.cg.Spring.labprog3.Employee">
   <constructor-arg value="PES-BU" type="java.lang.String"></constructor-arg>
   <constructor-arg value ="Kiran Rao" type ="java.lang.String"></constructor-arg>
   <constructor-arg value ="Project Engineering Services" type="java.lang.String"></constructor-arg>
   <constructor-arg>
   <list>
   
   </list>
   </constructor-arg>
   </bean>
   </beans>